	OpenFace_TS	RecordingTimestamp	left_x	left_y	right_x	right_y	avg_x	avg_y
0	41.5	44335.0	678.7450660679968	365.1023201172725	674.6770257071767	358.3838056322586	676.7110458875869	361.74306287476566
1	42.3	45135.0	678.8839736670295	377.6632159637988	676.5762948540947	370.8896235463489	677.7301342605622	374.2764197550739
2	42.5	45335.0	678.1298332860875	371.31070821588713	675.2088686982454	364.5308390759695	676.6693509921664	367.9207736459284
3	44.9	47735.0	750.4770772005838	370.8638983833562	749.3422989419248	366.8406907072425	749.9096880712543	368.85229454529946
4	45.5	48335.0	737.5499730532924	380.3553855053207	735.8740817668221	375.7406837374745	736.7120274100571	378.0480346213975
5	87.9	90731.0	739.6963376487081	382.7547329871868	742.4664945038287	378.91997366869487	741.0814160762686	380.83735332794095
6	88.1	90931.0	689.8160773397019	390.55215682758086	690.6965626368186	385.0551011352386	690.2563199882603	387.8036289814096
7	88.2	91031.0	694.6831640880151	390.96102717799886	695.1409185084842	385.6425399969636	694.9120412982495	388.3017835874812
8	88.3	91131.0	650.4254301003872	363.9551582840924	650.0435258637696	357.4276256772321	650.2344779820781	360.6913919806624
9	88.4	91231.0	667.6811614873217	348.95026928840014	668.800283845732	343.69408444740634	668.2407226665263	346.3221768679034
10	88.5	91331.0	629.3538135780799	366.7492530108664	627.6279401950252	359.227703532321	628.4908768865524	362.9884782715937
11	88.6	91431.0	625.0876051237141	365.3442847635481	622.50480574649	357.5031485264948	623.7962054351019	361.4237166450214
12	88.8	91631.0	738.4563757690815	347.7287435763387	740.8917578437765	344.9686879790375	739.674066806429	346.3487157776882
13	88.9	91731.0	716.7588575267222	339.91026551917975	719.9315706790792	336.7681723315389	718.3452141029002	338.33921892535955
14	89.0	91831.0	701.993398719088	342.4256433915006	703.6747051301707	338.4579298648517	702.8340519246293	340.4417866281763
15	89.1	91931.0	690.7727881671324	345.76285653296014	691.4229775759968	341.0040489753122	691.0978828715645	343.3834527541364
16	89.2	92031.0	692.0259885102022	344.17305239777573	693.0703169704007	339.5936944311055	692.5481527403015	341.8833734144409
17	89.3	92131.0	684.589424512916	342.5100054528769	685.2407287547749	337.6399667041484	684.9150766338455	340.0749860785129
18	89.4	92231.0	680.1798281268341	346.66699650484816	681.0978302706833	341.6705634915151	680.6388291987585	344.16877999818183
19	89.5	92331.0	688.5840891409124	342.9683468749539	690.2898630011728	338.5722604892264	689.4369760710423	340.7703036820904
20	89.6	92431.0	667.2885842348521	334.44766839051937	668.9026023089843	329.30950720863405	668.0955932719182	331.8785877995769
21	89.8	92631.0	658.5147339961385	334.12391927531723	659.5936548602594	328.75695830579303	659.0541944281988	331.4404387905553
22	89.9	92731.0	643.9848438037226	334.36700278185293	644.1953051643594	328.3537944870644	644.0900744840411	331.36039863445893
23	90.0	92831.0	631.4693646178	359.95216677875817	630.1945885379724	352.566066172144	630.8319765778859	356.25911647545115
24	90.1	92931.0	627.7183584880304	363.55752371387496	626.2090265184703	355.848653925577	626.96369250325	359.70308881972613
25	90.2	93031.0	634.1929969930691	367.9455482630393	633.4822777538469	360.6729353492813	633.8376373734576	364.3092418061603
26	90.3	93131.0	612.9784808332146	355.0512203484827	611.4362448530704	347.20762259680384	612.2073628431419	351.1294214726435
27	90.4	93231.0	611.4225624314789	353.2826831196336	609.8706907730079	345.61901598549105	610.6466266022431	349.4508495525625
28	90.5	93331.0	611.2050456976925	351.6984639530986	609.761615937136	344.0796309169251	610.4833308174141	347.88904743501206
29	90.6	93431.0	615.3492333436525	350.7105212558098	614.1008579375431	343.2701338757116	614.7250456405977	346.9903275657608
30	90.7	93531.0	616.5181832833711	354.4518870990089	614.8929318324455	346.8568508079497	615.7055575579077	350.6543689534795
31	90.9	93730.0	556.966396431252	369.5934825596572	552.0298916502022	358.80963649184474	554.4981440407267	364.201559525751
32	91.0	93830.0	638.5807814852951	369.4853805945236	636.8006706562486	361.6773418558623	637.6907260707717	365.58136122519295
33	91.1	93930.0	624.0904121851618	376.54580782341503	620.6953162443914	367.7173051636174	622.3928642147763	372.13155649351626
34	91.3	94130.0	765.2230263632503	409.5152060749645	763.9057359069318	405.9182608680476	764.5643811350908	407.716733471506
35	91.4	94230.0	755.4541474984431	399.5024763145964	754.9516888742703	396.06997414253607	755.2029181863567	397.7862252285661
36	91.5	94330.0	748.1531781577876	365.4975636410467	751.3343187761983	362.98550749052725	749.743748466993	364.2415355657871
37	91.6	94430.0	749.1624940935986	364.0255427695158	752.0290229067205	361.48157341381307	750.5957585001593	362.7535580916645
38	91.7	94530.0	777.2966200052928	385.9710684895744	778.8083303708918	383.4210178635804	778.0524751880922	384.6960431765773
39	91.9	94730.0	783.5102730522915	379.0943995840648	785.5673913081912	377.07447759976526	784.538832180241	378.0844385919149
40	92.0	94830.0	740.551347139909	378.3963960893016	742.699842720599	374.46251866476734	741.625594930254	376.4294573770345
41	92.1	94930.0	843.8579115803943	368.9217323933826	848.9350667560499	369.1609381484309	846.3964891682217	369.04133527090687
42	93.0	95830.0	759.6527433977238	381.7896631082589	761.2641640752514	378.6907500608692	760.4584537364874	380.2402065845643
43	93.1	95930.0	736.8450633164114	380.54324969442047	738.5104132969584	376.7203961061839	737.6777383066847	378.6318229003021
44	93.4	96230.0	694.2085658079922	373.60157641861656	697.5168122708081	368.7377106746746	695.8626890394	371.16964354664566
45	93.9	96730.0	762.3978730333438	373.586296411108	764.3965934543309	370.7897304450318	763.3972332438371	372.18801342807
46	94.1	96930.0	700.8050481120604	354.24427319822024	701.789625478115	349.62148913359124	701.2973367950873	351.9328811659059
47	94.2	97030.0	711.8262777430932	343.564946981807	711.8908111551766	339.1333201014524	711.8585444491348	341.3491335416298
48	94.3	97130.0	650.8808492935941	322.8446012802328	653.4264161706685	317.6480496732461	652.1536327321312	320.2463254767397
49	94.4	97230.0	650.0929463387743	321.9411984429672	650.1245825604743	316.05540718314506	650.1087644496242	318.9983028130562
50	94.5	97330.0	714.1509254232038	379.9221000212626	712.5433739189727	374.5669468270834	713.3471496710885	377.244523424173
51	94.6	97430.0	701.413116349067	383.8488020505665	698.1421889656959	377.6956078237037	699.7776526573813	380.77220493713503
52	94.8	97630.0	699.3957195577154	384.5703896298442	696.7824557661422	378.5133835738293	698.0890876619279	381.5418866018368
53	95.0	97830.0	737.4631900893105	368.1182225176804	737.5087508287994	364.0641842234161	737.4859704590547	366.0912033705483
54	95.1	97930.0	689.3565885741658	376.9899460983501	687.8555117680895	370.8802428775734	688.6060501711273	373.9350944879618
55	95.2	98030.0	685.9868188946006	374.8377047876144	683.7575589020511	368.4805361797773	684.8721888983256	371.6591204836958
56	95.4	98230.0	718.0300787031516	368.8843102648904	717.1601845131898	364.1332179987058	717.5951316081702	366.50876413179816
57	95.5	98330.0	712.5336625746668	370.8877605839943	712.2669174119432	366.04343831359694	712.4002899933049	368.4655994487957
58	95.6	98430.0	680.0600957627756	356.19669387146894	679.1977049255419	350.5102645561225	679.6289003441584	353.3534792137958
59	95.7	98530.0	649.1886391735175	356.26964356889334	644.7813808267514	348.9340993614538	646.9850100001343	352.60187146517376
60	95.8	98630.0	656.7887566359925	343.23415165345284	654.0454779859658	336.7059713053636	655.4171173109788	339.97006147940823
61	95.9	98730.0	659.3220038194846	335.11405386846457	657.0821741935912	328.97308127564406	658.202089006538	332.0435675720544
62	96.1	98930.0	620.7679394499562	337.8666423438429	619.2858678878059	330.2720294595939	620.026903668881	334.0693359017185
63	96.2	99030.0	678.085053097557	360.11352645626147	676.611655590546	353.9011256307305	677.348354344051	357.00732604349605
64	96.3	99130.0	632.5338525854389	358.3403803154651	630.8975514211882	350.69140632932306	631.715702003313	354.51589332239433
65	96.4	99230.0	657.4182843434693	350.78553897967714	657.4902432118637	344.68190572364773	657.4542637776664	347.7337223516625
66	96.5	99330.0	673.3322914279513	358.6288328217046	673.397719552481	352.8496880537901	673.3650054902162	355.73926043774736
67	96.6	99430.0	671.0933108554459	350.8020569409063	671.2727410065058	344.9745016834969	671.1830259309754	347.8882793122019
68	96.7	99530.0	586.4667507080645	354.18180319476875	582.7510749635511	344.6803304433408	584.6089128358075	349.4310668190548
69	96.8	99630.0	604.3128909038322	353.7729439048588	601.6565772942772	345.0139663892045	602.9847340990544	349.39345514703183
70	97.0	99830.0	669.5632983016208	342.85254743899344	669.3431486268945	336.6547265024721	669.4532234642575	339.753636970733
71	97.1	99930.0	656.6223119672339	345.8063300935043	654.9609873486023	338.7650144844481	655.7916496579178	342.2856722889764
72	97.2	100030.0	644.7711926273068	354.1385877018758	643.3385639166713	346.6572534805835	644.0548782719891	350.3979205912299
73	97.3	100130.0	714.1734290241766	347.337214362249	714.1689732325768	342.7077900887012	714.1712011283765	345.02250222547525
74	97.4	100230.0	726.5420132781373	349.516843469307	726.3210314729179	345.0170375378221	726.4315223755274	347.26694050356485
75	97.5	100330.0	746.4980025579582	365.9608185828825	747.2524417976847	362.2683898474347	746.8752221778215	364.1146042151587
76	97.7	100530.0	732.0798095945346	365.94355022482415	731.9240287074605	361.6893905646747	732.0019191509974	363.8164703947494
77	97.8	100630.0	761.1547993281005	361.7417143197513	762.5849699397498	358.63596087388413	761.8698846339254	360.18883759681785
78	97.9	100730.0	747.4358117069813	369.0318081542968	747.9556069358279	365.3731639029016	747.6957093214045	367.2024860285993
79	98.2	101030.0	750.859431858305	374.0484597300139	752.151728551771	370.4930018518375	751.5055802050377	372.27073079092565
80	98.3	101130.0	746.2338536629663	377.7359165867635	747.6682368999424	373.9212879731544	746.9510452814544	375.8286022799589
81	98.4	101230.0	697.5408334428034	363.2970393208879	697.6782192967778	357.826454830406	697.6095263697904	360.561747075647
82	98.5	101330.0	734.9284982443876	344.93893063009017	737.0885729490625	341.41777937953685	736.0085355967249	343.1783550048138
83	98.6	101430.0	697.274989620964	352.71519506282675	698.8848366355476	347.80669085247297	698.0799131282557	350.2609429576501
84	98.9	101730.0	662.9878065428798	347.80501932809574	663.7818681598749	341.8122875079911	663.3848373513773	344.80865341804355
85	99.2	102030.0	785.2285988862767	363.9812089168634	788.7198087501728	362.2627533265168	786.9742038182246	363.1219811216904
86	100.8	103629.0	678.8416341388183	362.6941400534786	678.9139960600821	356.4671632383012	678.8778150994502	359.58065164589016
87	100.9	103729.0	584.358996726924	391.9490727939266	578.2002455066479	380.3841699076963	581.279621116786	386.16662135081145
88	101.0	103829.0	575.5774525686293	362.2553213636521	573.4938287954795	352.31700230083106	574.5356406820542	357.2861618322419
89	101.1	103929.0	535.4670361655297	355.33529759005546	531.9110195402259	343.9187094230867	533.6890278528779	349.6270035065713
90	101.2	104029.0	600.357675884476	351.10807191950806	598.6071502043538	342.3641964668709	599.4824130444148	346.73613419318974
91	101.3	104129.0	588.3329833569627	340.5029315281889	587.5668619896687	331.78463291655373	587.949922673315	336.1437822223715
92	101.4	104229.0	566.1372064405919	338.298764200099	565.4239390428139	328.7356283713574	565.780572741703	333.5171962857283
93	101.5	104329.0	604.6116012193077	389.0053945386098	604.005448592713	379.9314193216859	604.3085249060101	384.468406930148
94	101.7	104529.0	684.7296824750097	363.4070194479922	686.6584923181174	357.9082951281248	685.6940873965636	360.6576572880587
95	101.9	104729.0	658.1859544302798	360.39337692390905	658.8252567405641	353.5914314056631	658.5056055854217	356.9924041647862
96	102.0	104829.0	629.2125645884796	353.1486997955932	629.4775930197486	345.67507762843496	629.345078804114	349.4118887120143
97	102.1	104929.0	657.8588390730304	348.96206507732063	657.3337213635638	342.19643127509653	657.5962802182968	345.5792481762088
98	102.2	105029.0	642.6863562342497	342.65306320245844	643.6259245461687	335.94348220166444	643.1561403902091	339.29827270206164
99	102.3	105129.0	626.7701483571843	341.7011486705446	627.1426063439917	334.4919742610263	626.9563773505876	338.0965614657857
100	102.4	105229.0	574.4922422895401	359.41375620799954	571.8778938592054	349.4196128841527	573.1850680743726	354.41668454607645
101	102.5	105329.0	616.3221422224337	387.351275909313	611.5524320795306	377.966644920197	613.937287150982	382.6589604147549
102	102.6	105429.0	582.2283843705168	352.9416309292356	577.3920420642172	343.4341654259616	579.8102132173667	348.18789817759875
103	102.7	105537.0	584.286173351727	335.6475416368936	580.1637606906102	326.4151689722741	582.2249670211681	331.03135530458394
104	102.8	105629.0	622.6356596019847	338.1139908836983	619.0997990120843	330.31102800113695	620.8677293070343	334.2125094424178
105	102.9	105737.0	625.2369851829396	332.5745231381889	623.7437551719888	325.276959060556	624.490370177464	328.9257410993726
106	103.0	105829.0	601.4035315080071	339.0316486998986	597.5375715882438	330.2672788229169	599.4705515481252	334.649463761408
107	103.1	105929.0	611.1588724771159	354.1904946091906	607.9806070953678	345.8371477822636	609.5697397862416	350.0138211957272
108	103.2	106037.0	601.9466698183053	349.9565893532809	598.1116985463124	341.2850869580496	600.0291841823087	345.6208381556653
109	103.3	106129.0	616.5742620550759	330.32986550110115	613.5824180341484	322.23378941872943	615.078340044612	326.28182745991546
110	103.4	106237.0	608.2756839109644	332.15251478007485	604.5014517424803	323.61088762478374	606.3885678267224	327.8817012024294
111	103.5	106329.0	715.543561705768	361.32757765348447	715.7267152265234	356.53215116720975	715.6351384661456	358.9298644103472
112	103.6	106429.0	710.5833048496057	369.7612779230536	711.1693612192913	364.8886565069912	710.8763330344487	367.3249672150224
113	103.7	106537.0	712.9872627866057	357.62912344744365	714.9343720165939	353.4713415121103	713.9608174015998	355.55023247977704
114	103.8	106629.0	594.9668473441682	336.4046944732721	596.2072802593833	328.8313428982619	595.5870638017758	332.61801868576714
115	103.9	106737.0	570.8774489429073	364.2986406369746	566.4144172871203	353.98870219618203	568.6459331150137	359.14367141657834
116	104.1	106929.0	610.717175116291	356.7090150737737	605.7685535958443	347.1586996033249	608.2428643560675	351.9338573385495
117	104.3	107129.0	770.2441534255994	358.95322118037603	770.2485583339734	355.82670760108414	770.2463558797859	357.38996439073014
118	104.6	107429.0	649.4897756608146	346.4072692419517	650.468374057972	339.29995159369463	649.9790748593933	342.85361041782335
119	104.8	107629.0	656.7395407666273	365.5842971296039	655.5947911554307	358.08257360580893	656.1671659610291	361.83343536770656
120	105.0	107829.0	677.4715895112686	368.3665262878608	674.3431814858305	361.4859977973401	675.9073854985495	364.9262620426005
121	105.1	107929.0	659.9373176213834	370.5301963346252	656.7000978100964	363.0603154073876	658.3187077157397	366.7952558710065
122	105.2	108037.0	655.0817152861596	370.96426713850656	651.7029856351254	363.31793406094863	653.3923504606427	367.1411005997275
123	105.3	108129.0	651.6847207769446	366.0430278274518	648.7568285694847	358.53920474268784	650.2207746732141	362.29111628506985
124	105.4	108237.0	655.415663720833	374.0548629324642	652.8763459227849	366.56813092679016	654.1460048218086	370.31149692962725
125	105.5	108329.0	709.0533302683057	351.56312261725463	710.8668172599013	347.38778678084105	709.9600737641035	349.47545469904804
126	105.6	108429.0	650.7061272563856	345.1109654017	649.4482762121066	338.5018386938167	650.077201734246	341.8064020477585
127	105.7	108537.0	659.4063092227697	340.12838293842293	658.4207080952873	333.89217326086725	658.9135086590283	337.0102780996451
128	105.8	108629.0	691.0742478147486	334.0135710072263	692.2513376099004	329.4512580566227	691.6627927123242	331.7324145319246
129	105.9	108737.0	607.4119831874026	347.32111460879327	606.2224420669997	339.28577234228965	606.8172126272011	343.30344347554166
130	106.0	108829.0	616.779906829818	350.6260403241308	614.3039196837341	342.6688714375261	615.5419132567762	346.6474558808287
131	106.1	108929.0	651.5323289571753	338.0470977354936	651.7233122944842	331.75170992565626	651.6278206258296	334.899403830575
132	106.2	109037.0	595.031292589296	350.16347517570523	591.5502009369418	341.1645615234902	593.2907467631187	345.66401834959805
133	106.3	109129.0	612.2409589389298	344.99633397580175	611.2950613127892	337.1795377844215	611.7680101258595	341.0879358801117
134	106.4	109237.0	707.3798196872705	357.3053078685872	710.5915720558402	353.4449819933696	708.9856958715553	355.3751449309786
135	106.5	109329.0	659.8014684773611	357.7716968282048	660.1672879547186	351.5700645615679	659.9843782160397	354.6708806948864
136	106.6	109429.0	787.6791159366899	371.5431416941876	792.5597066315302	370.0958077501833	790.1194112841098	370.8194747221854
137	106.7	109537.0	683.6734894815637	387.32128407652255	684.3681615375982	381.3101435290537	684.0208255095811	384.31571380278814
138	106.8	109629.0	787.050654269756	353.1253293691398	792.2091489901894	352.7618958815949	789.6299016299728	352.9436126253674
139	107.0	109829.0	769.660604017073	348.79544613276755	773.5993543751381	347.5063264619075	771.6299791961055	348.1508862973376
140	107.1	109929.0	579.0250821216613	351.9152787375546	576.5938828333587	342.3980266574348	577.8094824775097	347.1566526974948
141	107.3	110129.0	591.4840594969749	342.1865694570726	590.4969717666695	333.66462602610324	590.990515631822	337.92559774158804
142	107.5	110329.0	562.6922006995542	376.71210281790974	559.560575101955	366.2587463428269	561.1263879007544	371.48542458036826
143	107.6	110429.0	644.6821138840529	344.9392682277814	642.9417315254854	337.6613847960819	643.811922704769	341.30032651193176
144	107.7	110537.0	588.0500542908412	336.6040166310762	582.9051249948154	326.85925197422443	585.4775896428276	331.7316343026505
145	107.8	110629.0	573.0228867118448	377.0193414153792	570.567758995927	366.8402938004058	571.7953228538856	371.9298176078926
146	108.0	110829.0	583.1836071240735	361.2407043897458	580.0122200382979	351.3362459268626	581.5979135811856	356.28847515830427
147	108.1	110929.0	650.2860242755679	371.3373849455194	651.0302718365023	364.20848313329685	650.6581480560347	367.7729340394082
148	108.2	111037.0	666.721088751345	371.8891592686701	668.0968162390191	365.3589526850212	667.4089524951819	368.6240559768457
149	108.3	111129.0	627.7451922274645	368.8821767004365	627.512031423961	360.8739900740628	627.6286118257126	364.8780833872497
150	108.4	111237.0	629.4783740112824	366.6906056053003	629.0707665756813	358.83004043097174	629.2745702934815	362.7603230181362
151	108.5	111337.0	634.8932691825371	361.8810050046855	633.4464350017861	354.0371199324815	634.1698520921615	357.9590624685836
152	108.6	111429.0	652.030674610554	360.4323839556112	651.703672526256	353.45963557414086	651.8671735684047	356.9460097648761
153	108.8	111637.0	666.7333546487238	369.16357002574506	663.5272179942211	361.7278257646548	665.1302863214721	365.4456978952
154	109.0	111829.0	674.1556738808447	378.0997234586707	671.8869114667614	370.901434963246	673.0212926738027	374.5005792109585
155	109.1	111937.0	658.2697394791539	379.4173451205276	657.219833728963	371.9579243865092	657.7447866040579	375.6876347535184
156	109.4	112237.0	584.8569992313747	375.6484421627165	582.8734064534291	365.8010946919815	583.8652028424015	370.724768427349
157	109.5	112337.0	548.0215761190517	374.1904887372164	542.7265359349542	362.5349082449996	545.3740560270028	368.362698491108
158	109.7	112537.0	546.0425596302405	375.5308283780853	540.9388529178447	363.9594650503814	543.4907062740422	369.7451467142333
159	109.8	112637.0	564.9228797882929	366.118353908058	560.1287358086112	355.453022268943	562.5258077984519	360.7856880885006
160	110.3	113137.0	620.7455555645984	392.8101291666873	618.3515501220816	383.8585969802048	619.5485528433397	388.3343630734458
161	110.4	113237.0	585.0312001851369	357.0297311983559	581.8996256123756	347.4965828460997	583.4654128987556	352.2631570222278
162	110.5	113337.0	563.9135138011344	366.0175237733633	559.8020095839809	355.2540003009656	561.8577616925571	360.6357620371647
163	110.6	113437.0	569.3942496489155	366.423866559096	565.1743582500183	356.3048598270609	567.2843039494668	361.3643631930787
164	110.7	113537.0	574.4398274935924	336.8166027038764	572.8372177553268	327.7316254676145	573.6385226244597	332.2741140857456
165	110.8	113637.0	595.1955657298847	336.0598047089823	593.6984303308486	327.49524779914026	594.4469980303666	331.7775262540614
166	110.9	113737.0	588.5014678822672	336.55578437861465	587.9998651803195	328.0696260701936	588.2506665312932	332.31270522440434
167	111.0	113837.0	590.3750637794692	349.3763167420987	586.8001507056875	340.3166635811103	588.5876072425781	344.8464901616047
168	111.1	113937.0	539.5500806515032	351.6418725442212	534.9961341919026	340.42581806253395	537.273107421703	346.0338453033777
169	111.2	114037.0	582.2868008399156	412.24461294664815	576.9156731281506	400.22593936105545	579.6012369840329	406.2352761538517
170	111.4	114237.0	675.8513544702818	378.1656799584205	674.7299879543866	372.042674564061	675.290671212334	375.10417726124064
171	111.5	114329.0	659.9856178975912	372.6355379632717	659.9194652409824	366.564617269458	659.9525415692867	369.60007761636496
172	111.6	114429.0	725.6032854230742	392.5383538860887	725.164633379129	388.0935164929672	725.3839594011015	390.315935189528
173	111.7	114537.0	705.7840989566638	336.8288152513487	708.9533489507317	333.446105619312	707.3687239536977	335.1374604353304
174	111.8	114629.0	856.7961263243565	364.5636019623562	860.8399183381522	365.8011113887374	858.8180223312547	365.1823566755468
175	111.9	114737.0	841.5429680896507	361.6405454644882	844.3899643552388	362.4442639443781	842.9664662224445	362.0424047044333
176	112.0	114829.0	896.230011063429	382.1914969268676	900.0075098181529	384.5744023279931	898.1187604407911	383.3829496274303
177	112.1	114929.0	878.4799405199788	374.5184618790939	882.1316496530333	376.531721975024	880.3057950865057	375.5250919270589
178	112.2	115037.0	826.7535308271661	389.36782408239424	830.1520294148991	388.7611868466847	828.4527801210326	389.0645054645394
179	112.3	115129.0	699.0842575879939	342.8249519605389	700.873129345748	338.6112823495618	699.9786934668706	340.7181171550505
180	112.5	115329.0	667.2171999168359	369.01186406279857	666.6401661214866	362.1553104176122	666.9286830191611	365.5835872402056
181	113.2	116037.0	803.5021312654727	378.1827709707128	808.3276607614715	377.27625097176895	805.9148960134715	377.7295109712408
182	113.3	116129.0	829.9986898699339	371.0026741598578	836.25063683486	371.5242855108048	833.1246633523966	371.2634798353311
183	113.4	116237.0	803.941707874429	361.0336569387835	809.4910575288095	360.63542416278847	806.7163827016192	360.834540550786
184	113.5	116329.0	803.6743682606439	362.1035247337879	808.9455144043683	361.5688651817616	806.3099413325058	361.8361949577747
185	113.7	116537.0	790.8077319782126	384.52620868926346	793.4931530734152	382.65312205961135	792.1504425258136	383.58966537443735
186	113.9	116737.0	799.0568282398705	354.0178115658554	803.1068738877043	353.39188161332424	801.0818510637874	353.7048465895899
187	114.0	116829.0	770.871133127124	363.3320193112015	775.2585818636169	362.1766361261558	773.0648574953699	362.7543277186786
188	114.1	116929.0	858.9745707601104	356.59134824228465	864.7141501189974	358.3247481556597	861.8443604395537	357.4580481989722
189	114.2	117037.0	878.9199719501239	374.7578335444175	887.9557237246854	377.2337946315127	883.4378478374044	375.9958140879651
190	114.7	117537.0	859.5802204232509	355.58960661334487	867.0053578939583	357.3719322108003	863.2927891586048	356.4807694120728
191	115.0	117829.0	627.3523612145148	374.3056316418434	625.69179917382	366.6158911946568	626.522080194167	370.46076141825006
192	115.3	118129.0	549.7910588500907	360.6107476673913	548.538903336595	349.96316504090515	549.1649810933427	355.2869563541485
193	115.4	118237.0	551.1578111299268	366.0342977801413	551.6343551737386	356.201572692488	551.3960831518325	361.1179352363148
194	115.5	118329.0	624.7320599954837	380.188419004726	626.2448978459382	372.7980012268001	625.4884789207103	376.493210115763
195	115.6	118429.0	628.1708670774019	374.8109065380906	630.854378887403	367.878166432812	629.5126229824023	371.3445364854513
196	115.7	118537.0	733.0039986668043	365.87522755216	736.3512772889027	362.7720054829316	734.6776379778534	364.3236165175458
197	115.8	118629.0	712.259441962584	377.9161952950944	713.8631242661082	373.5588979350651	713.061283114346	375.7375466150797
198	115.9	118737.0	714.6625824483632	382.4756812440279	716.585493185317	378.1127596133109	715.6240378168399	380.2942204286694
199	116.0	118829.0	741.2109817284623	366.1005112442113	744.1075167933976	362.8817595153733	742.6592492609296	364.4911353797922
200	116.1	118929.0	782.8659046118871	380.6688813123724	783.9489790331976	378.0799576179605	783.4074418225423	379.3744194651664
201	116.2	119037.0	780.0020682750703	380.80119988536114	779.3399592658907	377.6696526810106	779.6710137704805	379.2354262831858
202	116.3	119129.0	838.9426676493224	388.7809409629368	839.566443331019	388.0910175468069	839.2545554901703	388.4359792548719
203	116.4	119237.0	795.2796288064953	394.1813206851751	794.1357811413471	391.67005225585547	794.7077049739206	392.92568647051513
204	116.5	119329.0	865.9809195503922	373.87730910226594	868.5564574019941	374.5401192065324	867.2686884761928	374.2087141543991
205	116.6	119437.0	835.6688640460883	369.438113323923	839.4640243799773	369.9741137483688	837.5664442130332	369.7061135361458
206	116.7	119537.0	892.9189794531372	377.8891806128351	897.5444936211252	380.356583539644	895.2317365371316	379.1228820762395
207	116.8	119637.0	841.2698155117748	359.1342646825736	845.9484809460503	360.39528312082257	843.6091482289127	359.76477390169805
208	116.9	119737.0	823.450128714868	373.7074265363494	828.1754014583805	373.8376511069134	825.812765086624	373.7725388216315
209	117.0	119837.0	876.93270086802	382.808687101117	882.3235594137146	384.7104786573786	879.6281301408671	383.75958287924766
210	117.1	119937.0	878.2988064929233	381.97648805445664	884.0023717389048	383.98054567878296	881.150589115914	382.97851686661966
211	117.2	120037.0	883.7220878725785	381.0600272616729	889.6564902194706	383.3109861372357	886.6892890460244	382.1855066994542
212	117.3	120137.0	870.545195608961	381.8296045105089	876.1015108106243	383.6089149284344	873.3233532097921	382.7192597194716
213	117.4	120237.0	875.0918173570727	382.3088906489177	880.8201215702145	384.1953644049835	877.9559694636439	383.2521275269504
214	117.5	120337.0	859.1805079133618	377.67688698668746	865.7350506112826	379.3613468278066	862.4577792623227	378.519116907247
215	117.6	120437.0	870.8584526274685	378.2497959772672	877.2319901451453	380.337814321582	874.045221386307	379.2938051494245
216	118.1	120937.0	890.2684103406875	374.5290920384117	897.8247791190573	376.8450195068497	894.0465947298726	375.6870557726306
217	118.2	121037.0	929.6908686176296	401.178544198825	939.2801571463332	404.8115381837704	934.485512881981	402.9950411912976
218	118.3	121137.0	872.9403852986879	400.4838412841587	881.8558115528876	401.9935582141777	877.3980984257878	401.23869974916806
219	118.4	121237.0	862.5633694840177	373.0325862920027	873.0735793626371	374.9402208002981	867.8184744233275	373.9864035461504
220	118.5	121337.0	936.1775610097872	371.7045785582313	943.5854497720152	375.6780794661007	939.8815053909012	373.691329012166
221	118.6	121437.0	900.826388285041	374.5187762524282	908.3818104425336	377.373273444213	904.6040993637876	375.9460248483206
222	118.7	121537.0	971.4804051013564	394.80096201829673	982.8943055649688	400.417430504007	977.1873553331626	397.6091962611518
223	118.8	121637.0	913.5855368167776	366.5010597357737	923.7118070663944	370.31320961724816	918.6486719415864	368.4071346765109
224	118.9	121737.0	923.5601343397656	381.3685126686638	931.0178695746272	384.4053551532759	927.2890019571964	382.8869339109698
225	119.1	121937.0	819.6414927520075	344.73745572066264	827.8464370904371	345.7809463105287	823.7439649212217	345.2592010155959
226	119.5	122337.0	534.7945471538577	402.46809945513365	530.6537597532274	390.107060004734	532.7241534535426	396.2875797299337
227	120.2	123036.0	614.139889473458	384.87986594186106	614.2863091004546	376.34290332512313	614.2130992869563	380.611384633492
228	120.5	123336.0	671.2239741877863	394.74846755636224	671.6680470956119	388.6545965834458	671.446010641699	391.7015320699039
229	120.6	123436.0	679.7299900789984	389.58618212035634	681.0543946038065	384.0043398857097	680.3921923414023	386.7952610030331
230	120.7	123536.0	687.0297988478794	385.9331418012287	688.8776747465622	380.7454689822635	687.9537367972204	383.3393053917462
231	120.8	123636.0	691.9317398226444	382.8674017702283	694.0502249739118	377.8933942341487	692.990982398278	380.3803980021884
232	120.9	123736.0	792.6552872248093	365.75677780270695	797.6474475928588	364.9587252241308	795.1513674088343	365.357751513419
233	121.5	124336.0	779.8613533485614	377.4184981198517	782.0205729512287	374.9915482524968	780.9409631498945	376.2050231861742
234	121.7	124536.0	783.8477350472243	373.5820473441505	786.4873246465764	371.4956301628334	785.1675298468998	372.538838753492
235	121.8	124636.0	795.545969422568	385.9593467314675	797.5621999422666	383.8458778042776	796.5540846824173	384.9026122678725
236	121.9	124736.0	795.4451323010741	378.0105489302834	798.1189607474723	376.30552133255446	796.7820465242731	377.1580351314187
237	122.0	124836.0	772.122106244608	378.59241321674193	774.5976378003865	376.1507262123907	773.359872022497	377.3715697145663
238	122.1	124936.0	784.355990307276	379.4003418053544	786.8572490266765	377.3366948630147	785.6066196669759	378.3685183341845
239	122.2	125036.0	765.411257246407	383.696401764274	767.8153012662968	380.9317279133645	766.6132792563518	382.31406483881926
240	122.3	125136.0	788.857979981104	376.1970254369434	792.0058575697082	374.37995921103874	790.4319187754055	375.288492323991
241	122.4	125236.0	781.9566578949953	375.4644027437659	784.6602974027774	373.2945141185672	783.3084776488863	374.3794584311665
242	122.6	125436.0	738.6015865328352	382.07680600788905	740.612462800863	378.4598915931667	739.6070246668487	380.2683488005278
243	122.7	125536.0	741.6195490207377	382.0165290781826	743.7094741813454	378.5072378941665	742.6645116010419	380.2618834861744
244	122.8	125636.0	723.343358510323	378.5718539479873	724.5490346914277	374.2574964087752	723.9461966008753	376.4146751783812
245	122.9	125736.0	744.6958047813959	371.1011178355519	746.9147856427144	367.9360672093915	745.8052952120546	369.5185925224716
246	123.0	125836.0	653.4159302012891	351.2460421313522	653.313748129784	344.5522102432102	653.3648391655361	347.8991261872814
247	123.1	125936.0	669.20244635471	343.4183273031334	670.9217205393388	337.75626922100355	670.0620834470241	340.58729826206866
248	123.2	126036.0	684.4241509247336	341.6979305854009	686.6073252373826	336.56576999191134	685.5157380810575	339.13185028865627
249	123.3	126136.0	677.0142025869521	342.48140162986704	679.159644130111	337.1291626635954	678.0869233585315	339.80528214673143
250	123.4	126236.0	677.8050469105474	343.82647689508417	679.7858483583798	338.4003798832811	678.7954476344632	341.1134283891828
251	123.5	126336.0	675.9575403072183	343.130519752941	677.9350823551054	337.6703100875751	676.9463113311618	340.40041492025824
252	123.6	126436.0	679.5702225800139	344.8570020420438	681.3162422602926	339.4735321818446	680.4432324201531	342.1652671119445
253	123.7	126536.0	675.8646122285725	343.0383272766948	677.7329039483634	337.6009261586055	676.7987580884683	340.3196267176504
254	123.8	126636.0	743.8773452039845	351.60447657439084	747.5420407921187	348.80200812653777	745.7096929980517	350.2032423504645
255	123.9	126736.0	742.1675264437555	349.89680030120047	745.6786332403248	347.054673458549	743.9230798420401	348.4757368798749
256	124.0	126836.0	760.623012063161	350.4753549149058	764.7141302215183	348.296403108254	762.6685711423394	349.38587901158013
257	124.1	126936.0	691.6539508968203	364.0743352877221	695.1812823751394	359.85469281729485	693.4176166359797	361.9645140525086
258	124.2	127036.0	655.02899074482	350.3512087272432	653.1835316614162	343.3449282126055	654.1062612031182	346.8480684699246
259	124.5	127336.0	686.3182135583077	360.5408005145244	688.1272879366843	356.08737909990464	687.222750747496	358.3140898072146
260	124.6	127436.0	504.2737300748753	366.6318146501653	498.1003349198516	353.65270134995166	501.1870324973634	360.1422580000586
261	124.7	127536.0	543.6133469729776	368.1636463519121	538.8580510715975	356.6160995030331	541.2356990222873	362.3898729274727
262	124.8	127636.0	487.4674829115577	361.5735512131495	484.96387660883016	349.4070633499939	486.2156797601941	355.49030728157175
263	124.9	127736.0	610.545507975188	350.95992424805127	612.9325829516368	343.58842167530054	611.7390454634121	347.2741729616762
264	125.0	127836.0	589.7372684231533	355.34397901519185	591.827645669173	347.09717515925354	590.7824570461628	351.2205770872229
265	125.1	127936.0	612.0060790714499	380.79610854470144	610.4881716213172	371.74212501036	611.2471253463831	376.2691167775309
266	125.2	128036.0	690.3983132479675	369.2416643932445	693.498779363849	364.4482598838842	691.9485463059079	366.8449621385643
267	125.3	128136.0	635.7338315357101	373.64827103095433	634.4257240124414	366.9117263983365	635.0797777740758	370.2799987146454
268	125.5	128336.0	634.747049350678	338.5863054316162	633.4057589543459	331.63488122669105	634.0764041525117	335.1105933291537
269	125.6	128436.0	664.0773418618998	354.57437874955264	665.2940470067844	349.07550646449965	664.6856944343423	351.82494260702623
270	125.7	128536.0	660.2285601234372	358.50241912007266	660.5021825139264	352.4168216507044	660.3653713186817	355.45962038538863
271	125.8	128636.0	707.5120471827145	342.0265778156877	710.3259374479609	338.5633650645492	708.9189923153375	340.2949714401186
272	125.9	128736.0	621.8969650162679	359.15703684634553	619.4614166137712	350.9284635330516	620.6791908150196	355.0427501896985
273	126.1	128936.0	546.2620631963542	336.45754983528343	543.7869616044394	326.7515723568952	545.0245124003967	331.6045610960896
274	126.2	129036.0	613.1136925005951	376.8982410319626	613.6547866026394	369.4208201573081	613.3842395516169	373.1595305946354
275	126.3	129136.0	650.8365069372979	384.49084900239393	653.8404553848935	378.5943579688592	652.3384811610955	381.5426034856266
276	126.4	129236.0	639.5107909666065	366.8445185013052	640.0797827543046	359.95577063554583	639.7952868604555	363.4001445684255
277	126.5	129336.0	623.4217173097148	370.0630396683917	622.8732589666419	362.13686678617074	623.1474881381779	366.0999532272812
278	126.6	129436.0	618.8639547109295	368.4826722773729	619.0276062981208	360.9278251405323	618.9457805045247	364.7052487089527
279	126.7	129536.0	620.1951902069669	365.9824720619143	620.7834419329337	358.70191311280706	620.4893160699504	362.3421925873608
280	126.9	129736.0	735.8411126548839	378.67933278932736	740.5153488390278	375.7770344214708	738.1782307469555	377.2281836053991
281	127.1	129936.0	631.6007434155024	377.9646732227055	630.7108602202507	370.2159541118485	631.1558018178764	374.090313667277
282	127.2	130036.0	546.4859051731594	415.59180282104256	544.9588957447527	404.38674876873824	545.7224004589557	409.9892757948903
283	127.3	130136.0	591.4680276115245	407.24964136653927	590.9656224263226	398.0739126249516	591.2168250189234	402.6617769957453
284	127.4	130236.0	548.2581761391701	383.47024088976633	547.2266316010214	373.0350399738932	547.7424038700955	378.2526404318298
285	127.5	130336.0	517.0165145991764	369.7875250672577	515.3821300903178	358.3825837190364	516.1993223447467	364.0850543931472
286	127.6	130436.0	586.5657621885969	362.5070671568933	587.8586185656319	353.9764259810373	587.212190377114	358.24174656896537
287	127.7	130536.0	586.911817037202	356.0580648181182	587.2751617193638	347.6194732907806	587.0934893782826	351.8387690544496
288	127.9	130736.0	576.3731438690899	374.6451708622924	574.1644057191721	365.1350464344397	575.2687747941304	369.8901086483659
289	128.0	130836.0	799.7428663645707	393.42835051952426	803.6183294391765	391.9915292368837	801.6805979018732	392.7099398782039
290	128.1	130936.0	774.9248591963659	374.2160153002865	777.431612059174	372.2940459525348	776.17823562777	373.2550306264104
291	128.2	131036.0	789.0782667882002	374.8294527311071	792.2515793019583	373.3581356040541	790.664923045079	374.0937941675805
292	128.3	131136.0	783.635638734321	355.4111035708211	788.27656414237	354.4725874484104	785.956101438345	354.9418455096157
293	128.4	131236.0	781.4045055167994	354.47307624968585	782.3554211113499	352.95730882330616	781.8799633140745	353.7151925364961
294	128.5	131336.0	751.1505942755725	353.2434956822157	750.3503710738157	349.939482672397	750.7504826746937	351.5914891773065
295	129.2	132036.0	707.6611404042949	384.0499938602339	706.131728532982	378.684210537489	706.8964344686385	381.36710219886135
296	132.4	135235.0	943.6141660022728	392.0679874964322	951.6617357454	396.0626144786132	947.6379508738364	394.0653009875226
297	132.6	135435.0	930.3005960672798	385.3225327083362	937.6434626302596	388.98771410628245	933.9720293487688	387.1551234073093
298	132.7	135535.0	977.2895092429484	413.7726800649325	986.2605083585886	418.7652574491011	981.7750088007684	416.2689687570166
299	132.8	135635.0	947.0655276039888	407.11191176289816	955.2326717635924	411.069369341509	951.1490996837904	409.09064055220347
300	132.9	135735.0	896.5600318345486	414.1430499827644	904.7657483497492	416.6958860871893	900.6628900921492	415.4194680349767
301	133.0	135835.0	877.583678736915	423.553864816222	883.0678556605834	424.9113498795806	880.325767198749	424.2326073479012
302	133.1	135935.0	713.2023841103969	354.0621230563148	717.8449419219833	350.7371342624621	715.52366301619	352.3996286593886
303	133.3	136135.0	585.6454429649814	356.497399790251	584.0704881943614	347.5261656302895	584.8579655796711	352.0117827102705
304	133.4	136235.0	553.5788544202429	355.6501651146644	553.2933303186529	345.9164782577397	553.4360923694477	350.78332168620227
305	134.0	136835.0	657.8627232346541	366.74455439672295	662.1220206704644	361.0035342782877	659.9923719525591	363.8740443375055
306	134.1	136935.0	680.4519618135116	363.7429897243125	686.0294598191745	359.09568374543574	683.2407108163425	361.4193367348742
307	134.2	137035.0	681.6138565733222	354.90655639965496	685.9144856021164	350.18401983524274	683.7641710877193	352.545288117449
308	134.3	137135.0	668.4235012044813	360.358716909049	670.0937690876515	354.40911135926007	669.2586351460661	357.38391413415485
309	134.5	137335.0	659.3272974938129	357.98323907582045	659.9887504768132	351.5662902284081	659.6580239853128	354.77476465211447
310	134.6	137435.0	658.70265534739	358.7487906568129	659.0809732454229	352.21993315391023	658.8918142964061	355.4843619053617
311	134.7	137535.0	645.3965232556309	351.00033166124007	647.7577687695166	344.71243947245364	646.5771460125737	347.85638556684694
312	134.8	137635.0	644.8238223577179	365.2260504291296	644.9516277338481	358.15430082892453	644.887725045783	361.6901756290273
313	134.9	137735.0	693.7807373064383	376.47372750100726	695.9920837676749	371.441763067673	694.8864105370563	373.95774528434
314	135.0	137835.0	692.4792958266787	380.7941680185944	693.6207711715705	375.18560534567376	693.050033499124	377.989886682134
315	135.1	137935.0	693.8945114312494	380.4392752248514	696.1442853793258	375.1825026227726	695.0193984052875	377.8108889238119
316	135.2	138035.0	689.305729317296	383.3516780185468	690.5302947829224	377.7336377280618	689.9180120501094	380.54265787330434
317	135.4	138235.0	579.9563469584468	368.53789957890166	579.0790566850451	359.4267896600671	579.5177018217456	363.9823446194844
318	135.5	138335.0	778.6717975676704	361.3705636662414	783.181396965731	360.03201071656537	780.9265972667006	360.70128719140337
319	135.6	138435.0	1042.269265447963	440.9647679682231	1053.0694077273745	447.6326883775922	1047.6693365876688	444.2987281729074
320	136.9	139732.0	830.6781760064492	398.7750278949417	834.9975953073284	398.3060734686953	832.837885656889	398.5405506818184
321	137.0	139832.0	874.083972499428	400.77347379629856	881.1613716380812	402.5596567341507	877.6226720687541	401.66656526522456
322	137.1	139932.0	878.851212037713	398.0234048442311	885.6377141653008	400.0103991568433	882.2444631015069	399.01690200053713
323	137.2	140032.0	880.5491690537737	388.9150502301439	889.5010494375651	391.1299793704962	885.0251092456691	390.0225148003199
324	137.3	140132.0	862.0357014906674	386.8034150675119	868.5569243158164	388.1683294540409	865.2963129032423	387.4858722607764
325	137.4	140232.0	898.3630605755129	401.1355391384207	904.0771966751024	402.9936027845869	901.220128625308	402.0645709615034
326	137.5	140332.0	921.4919046712764	414.848139863467	925.816893091648	416.80836895809904	923.6543988814622	415.8282544107827
327	137.6	140432.0	917.6919014650398	413.531138958602	921.3333625191068	415.3169447230945	919.5126319920732	414.4240418408479
328	137.7	140531.0	858.542502726841	427.82929550343647	864.69857983381	428.25495981550216	861.6205412803251	428.042127659469
329	137.8	140631.0	857.6058572851077	417.4794893442502	861.7863362751651	417.8642418916322	859.6960967801361	417.6718656179411
330	137.9	140731.0	961.7150851213344	428.21019138953847	971.173840510414	432.8415612608249	966.444462815874	430.5258763251815
331	138.0	140831.0	922.6655476683086	372.3981680096792	930.8592160031628	376.6162405949852	926.7623818357356	374.5072043023321
332	138.1	140931.0	880.6538991344588	373.8430669851141	888.4886702150092	376.55190665539817	884.5712846747341	375.197486820256
333	138.2	141031.0	895.0264637143704	360.9501814570514	903.865280636282	364.7848602816189	899.4458721753263	362.8675208693352
334	138.3	141131.0	891.7798370986385	384.4549975535107	901.9285838354213	388.0091893062968	896.8542104670298	386.23209342990367
335	138.4	141231.0	870.9657131700677	370.6936839474985	880.0473621931626	373.3257606458273	875.506537681615	372.00972229666297
336	138.5	141331.0	848.7751477432971	365.5736570978048	858.5715528502386	368.0253287555009	853.673350296768	366.799492926653
337	138.6	141431.0	868.3389746511821	373.0380942514653	878.6398158492718	375.97332141650105	873.489395250227	374.50570783398297
338	138.7	141531.0	882.8524005927284	375.342619980708	893.6740830588415	378.5959400270106	888.2632418257843	376.9692800038591
339	138.8	141631.0	879.7519771323648	375.5943955551289	890.5338970420021	378.7188014094266	885.1429370871832	377.1565984822778
340	139.2	142031.0	855.0890654208549	368.2103281348292	865.1636529716748	370.5039706453954	860.1263591962647	369.35714939011217
341	165.3	168132.0	476.3332036246652	374.5689599807839	474.4832553276672	361.5696168793356	475.408229476166	368.0692884300599
342	165.4	168232.0	600.811216032261	348.23949029144734	601.5312627371053	339.89773834171206	601.171239384683	344.06861431657984
343	165.5	168332.0	514.3763244926429	382.9460818503838	511.9150101598653	370.8840627854957	513.1456673262539	376.9150723179398
344	165.7	168532.0	527.0269742709506	370.6941851111694	524.6712008677057	359.1645948610517	525.8490875693275	364.9293899861106
345	166.3	169132.0	557.0214193425181	369.4945638169688	557.967600644789	360.1150030716624	557.4945099936532	364.8047834443156
346	166.4	169232.0	592.0579666153371	358.8413871420985	593.6570247977668	350.8152970974983	592.8574957065518	354.8283421197985
347	169.7	172537.0	882.4495663473004	410.2853914300079	885.5341584558581	410.3350210886016	883.9918624015794	410.31020625930455
348	170.4	173237.0	967.2042013535788	381.0724246587554	976.446921324765	386.0278958067821	971.8255613391722	383.5501602327689
349	172.5	175334.0	508.074205121469	390.8446913521701	505.4503561900633	378.0487058891571	506.7622806557658	384.4466986206636
350	172.6	175434.0	504.7604117334265	374.7502482508277	500.9601134991596	361.94544024553454	502.8602626162928	368.3478442481812
351	172.7	175534.0	566.5347742510437	374.2804422737725	558.9635822515542	362.6146540117136	562.7491782512984	368.44754814274296
352	172.8	175634.0	501.5226291071116	391.7085011405045	493.0085569480887	377.4081861737855	497.2655930275996	384.5583436571451
353	174.4	177233.0	758.7920566648854	382.1787396834248	763.2216395888568	379.6698239806283	761.0068481268711	380.92428183202645
354	176.0	178829.0	546.6402466909669	375.4845293082108	545.3155101810418	365.3259329915109	545.9778784360038	370.40523114986087
355	177.3	180129.0	751.6703688515503	382.7492637405463	753.8180546965496	379.5660320964792	752.7442117740501	381.15764791851257
356	177.6	180429.0	825.8902642054619	377.6549565202928	831.1666400764271	377.8696875505476	828.5284521409444	377.76232203542
357	179.1	181929.0	485.2620963499012	370.4209329347125	479.9680691173044	357.35156619905865	482.61508273360255	363.88624956688574
358	179.7	182529.0	525.7158978973514	375.0316619978603	520.8417196752087	363.1024154114005	523.2788087862797	369.0670387046303
359	179.8	182637.0	504.7247750424764	369.47052589809033	499.6189221173343	356.9163620305828	502.1718485799052	363.19344396433655
360	179.9	182737.0	464.182634069636	386.8657040361268	456.5203769041928	372.02791709910286	460.35150548691394	379.4468105676148
361	180.3	183137.0	501.4969389529382	402.77299856623193	494.88678439140574	389.20911917203097	498.1918616721717	395.9910588691313
362	180.4	183237.0	470.0111290676961	405.5627064882376	460.6266552619017	390.3886137379181	465.3188921647987	397.9756601130776
363	180.8	183637.0	697.1036439223747	372.82406061660754	697.4766484787707	367.9935820339358	697.2901462005724	370.4088213252717
364	180.9	183737.0	710.579941007779	376.7068888760893	711.7329643408515	372.1682524295516	711.1564526743148	374.43757065282045
365	181.0	183829.0	748.024463789206	382.22057006254016	749.5805185216825	378.9195319447141	748.8024911554442	380.5700510036271
366	181.3	184137.0	661.2298256556023	370.71077422271	663.4968010633056	364.9776533149501	662.3633133594539	367.8442137688299
367	181.4	184237.0	592.2221187093381	373.68435246817927	595.6405458620021	365.8570468628141	593.9313322856699	369.77069966549664
368	181.8	184637.0	867.6034828547516	387.8060043832465	872.1192908745974	388.818897719829	869.8613868646743	388.3124510515378
369	181.9	184737.0	887.8247863152936	398.9999815541117	893.649598914552	400.7824283885497	890.7371926149228	399.8912049713308
370	182.3	185137.0	880.493849724022	379.9261124961715	888.6374719395843	382.153636267844	884.5656608318031	381.0398743820076
371	182.4	185237.0	941.8085866271064	391.4236746741465	950.3859600463574	395.6058628362711	946.0972733367316	393.5147687552086
372	182.8	185637.0	910.903597962394	364.6828583575552	921.7529597800018	369.0381882578589	916.3282788711984	366.86052330770696
373	182.9	185737.0	893.3082714211251	357.6386336104176	905.0177294988086	361.6654306985825	899.1630004599666	359.6520321545002
374	183.2	186029.0	775.7932493973369	381.4231257866787	778.9491599516577	378.5553088482068	777.3712046744974	379.9892173174428
375	183.3	186137.0	561.1617991246155	364.69811620732673	562.4305042297932	355.1289357438342	561.7961516772044	359.9135259755807
376	183.4	186237.0	497.25046764925946	403.24275974828174	492.4799523794355	389.3343205124535	494.8652100143473	396.28854013036766
377	183.8	186637.0	535.869228900039	399.4271965280124	531.0007597601734	387.4124875801906	533.4349943301061	393.41984205410137
378	183.9	186737.0	517.2530541881772	393.8230291959994	512.6712745533696	381.1942573144474	514.9621643707732	387.5086432552234
379	184.3	187137.0	625.0923117563223	408.5410680954863	622.8867165398747	399.45521365058977	623.9895141480982	403.998140873038
380	184.4	187237.0	641.8573934743794	396.0475361662357	641.8751740731066	388.49390245259934	641.8662837737428	392.27071930941753
381	184.8	187637.0	563.0492902002849	405.0053691849196	561.5355563917416	394.3082351182217	562.2924232960129	399.6568021515707
382	184.9	187737.0	592.8948262049495	374.87023851014027	593.7174218792857	366.354413357889	593.3061240421172	370.6123259340147
383	185.3	188137.0	525.6813834449392	419.8456830070713	522.2065023727232	407.38908040540696	523.943942908831	413.617381706239
384	185.4	188237.0	633.5827988509268	389.6987401508452	637.447936401627	382.9282946135613	635.5153676262768	386.31351738220326
385	185.8	188637.0	678.9692691951453	393.5086463257219	681.8512341267931	387.8121421309591	680.410251660969	390.66039422834046
386	185.9	188737.0	799.4440978207879	364.6155308208589	809.2187624929046	364.5555742801525	804.3314301568465	364.5855525505059
387	186.0	188837.0	702.4322741980355	385.2380922818525	706.431589451406	380.7250135605759	704.4319318247207	382.9815529212141
388	186.2	189037.0	749.9399544501415	380.08223883812	753.0700785420368	377.0172715126758	751.5050164960886	378.54975517539793
389	186.3	189137.0	661.789253688763	368.0562978296871	663.8452323282604	361.8732442423827	662.8172430085117	364.96477103603473
390	186.4	189237.0	706.3158828500568	374.4566990435546	711.9080027111397	370.4635992178352	709.1119427805984	372.4601491306949
391	186.5	189337.0	720.7185889690752	383.5951620437421	726.9001783896433	380.0272468678575	723.8093836793596	381.81120445579967
392	186.7	189537.0	778.8793315223327	378.55992786622375	786.2483774281361	377.3234909993399	782.5638544752343	377.9417094327818
393	186.8	189637.0	796.0862056814142	383.5834553785336	802.0785676877083	382.4990695244313	799.082386684561	383.0412624514824
394	186.9	189737.0	786.8793154802978	350.83824702025976	795.6974587539767	350.55870719918346	791.2883871171368	350.6984771097218
395	187.0	189837.0	934.759362099248	387.76357176309983	945.271103259566	392.2676242297039	940.0152326794072	390.01559799640165
396	187.1	189937.0	853.8071199622837	352.171938791388	863.104637555667	354.4891871689735	858.455878758975	353.33056298018096
397	187.2	190037.0	785.6377752567662	349.79053173423426	795.5479728855197	350.010809468786	790.5928740711429	349.90067060151034
398	187.3	190137.0	844.9497131884611	368.97294434087735	853.1467987680568	370.31610726728087	849.0482559782587	369.6445258040792
399	187.4	190237.0	888.0250904360847	381.62715424665225	896.4934388216598	384.2258702803245	892.2592646288718	382.9265122634884
400	187.5	190337.0	799.3778803822028	376.0261169727805	807.5591097567266	375.882352090928	803.4684950694644	375.9542345318543
401	187.6	190437.0	641.0850239771376	374.5897580902392	643.9847029630325	367.7416087770503	642.5348634700846	371.1656834336448
402	187.7	190537.0	478.4189008623098	370.82437312510194	478.6067779417052	358.42751135283726	478.5128394020074	364.6259422389696
403	187.8	190637.0	493.1737489011874	399.70707566780106	491.5774251696265	386.70651414955967	492.375587035407	393.2067949086803
404	187.9	190737.0	342.4803115605383	402.6659899846506	336.72227342736187	384.1442727473761	339.6012924939498	393.4051313660132
405	188.0	190837.0	438.2428101525275	394.4637449279723	435.9071156563946	379.8366066815137	437.0749629044607	387.1501758047431
406	188.1	190937.0	387.7577117909448	355.84284741403184	385.77650229525824	340.32881032047646	386.7671070431013	348.08582886725446
407	188.2	191037.0	438.59636576576094	366.16258968071634	438.1989129848939	352.24565314897563	438.3976393753271	359.204121414846
408	188.3	191137.0	468.31602579600207	362.6489966909061	468.05347274744736	349.793636749122	468.1847492717246	356.22131672001416
409	188.5	191337.0	519.5221535940753	367.4735114475999	517.2080813137084	355.71424221281086	518.3651174538919	361.5938768302053
410	188.7	191537.0	518.5259457190674	376.59337111015657	513.9514991930981	364.21209225517487	516.2387224560824	370.4027316826656
411	188.8	191637.0	533.5069733603275	377.6549052030866	528.7724325147915	365.6831640279622	531.139702937559	371.6690346155245
412	188.9	191737.0	566.9496101098647	360.8234263887194	562.6766754535354	350.3536995251787	564.8131427816999	355.58856295694903
413	189.0	191837.0	523.1477008877971	379.1278078131015	522.0310401224195	367.5149365368421	522.5893705051079	373.3213721749719
414	189.1	191936.0	490.8736378248403	388.57269608790347	488.0378088248433	375.2918000054413	489.4557233248417	381.9322480466722
415	189.2	192036.0	510.7939190618919	382.5963696342384	508.1472311291861	370.23485119748216	509.47057509553866	376.4156104158602
416	189.3	192137.0	551.9932139017807	380.08264638472633	550.5842291466995	369.1052895742624	551.2887215242396	374.5939679794945
417	189.5	192336.0	717.4865352804123	386.730393315349	721.7984887778836	382.5704210588152	719.6425120291475	384.650407187082
418	189.6	192436.0	666.6471181768873	373.8203608422842	669.2218691689876	368.1447120212045	667.9344936729373	370.9825364317444
419	189.7	192536.0	599.8048118903989	388.848925833498	598.9629996056897	379.5195838150602	599.3839057480443	384.1842548242792
420	189.8	192636.0	680.2086097612201	328.1577764907883	683.5479975427647	323.429242477163	681.8783036519922	325.7935094839757
421	189.9	192736.0	664.8118987776536	348.51523780180906	669.6071888225478	343.488310503634	667.2095438001004	346.0017741527216
422	190.0	192836.0	621.5403431649299	385.83313457276233	622.3199677616326	377.5442057724135	621.9301554632813	381.6886701725879
423	190.1	192936.0	616.0238400465505	387.2848341311634	616.3475793361804	378.6999193686654	616.1857096913653	382.9923767499144
424	190.2	193036.0	618.1988125634637	352.2269928114342	622.5975539022043	345.50671405189985	620.3981832328337	348.8668534316672
425	190.3	193136.0	651.274231362072	373.1564560638319	656.0576408820032	366.976945982168	653.6659361220371	370.0667010229999
426	190.4	193236.0	668.993131724368	371.0439963846226	676.2489595474425	366.391449781466	672.6210456359047	368.7177230830444
427	190.5	193336.0	628.7660868869596	362.82491795032985	634.352120243829	356.6140070439891	631.5591035653939	359.7194624971596
428	190.6	193436.0	619.7496247883819	354.3264336984599	624.553306857247	347.55683640411985	622.1514658228143	350.94163505129006
429	190.7	193536.0	623.2424180958337	340.31601013369794	629.4012648233554	334.24521331330345	626.3218414595945	337.28061172350084
430	190.8	193636.0	744.8024340271674	357.9755956692889	751.9585868154345	355.99645054907006	748.3805104213009	356.9860231091796
431	190.9	193736.0	772.4763598087375	365.56187174564	780.7886952890851	364.5127006170153	776.6325275489111	365.0372861813277
432	191.0	193836.0	752.530900392485	373.2173459567634	762.3469253478527	371.6222273188361	757.4389128701689	372.41978663779975
433	191.1	193936.0	784.25982678518	353.7302082167724	793.6936064010026	353.7600018625102	788.9767165930912	353.74510503964143
434	191.2	194036.0	868.9020068568444	374.8919614029738	879.8412162993689	377.5573826874056	874.3716115781066	376.22467204518966
435	191.3	194136.0	820.2086169418518	375.1400861156644	827.2295394962233	375.3708831655482	823.7190782190372	375.2554846406064
436	191.4	194236.0	770.3432020310366	365.34862019631385	777.4810192811394	364.2249999613575	773.9121106560879	364.7868100788357
437	191.6	194436.0	851.3550190423732	397.80470340107416	858.4924205930707	398.2100854278948	854.9237198177212	398.0073944144844
438	191.7	194536.0	841.0877938423096	385.3090744757404	848.3442633165391	385.980412914746	844.7160285794246	385.644743695243
439	191.8	194636.0	800.7283467729526	383.9772522640342	807.017408261335	383.0304376936389	803.8728775171444	383.5038449788364
440	191.9	194736.0	868.9334797082978	378.65878516437033	878.9693264553549	381.08388233609946	873.9514030818266	379.871333750235
441	192.0	194836.0	781.6052424209406	370.7418249255032	790.7766913134233	370.1235908175733	786.1909668671818	370.43270787153824
442	192.1	194936.0	783.2464065664403	383.5655756925989	794.0963861167762	383.0074696469133	788.6713963416083	383.2865226697561
443	192.4	195236.0	841.3646018344024	376.3303828679011	854.9225706546932	378.4248263486812	848.143586244548	377.3776046082912
444	192.5	195336.0	842.2941649030976	388.5854199451016	855.5453707432798	390.3096169164117	848.9197678231887	389.4475184307566
445	192.7	195536.0	926.4675742600034	390.86815300479975	939.3507367907428	395.0016240880739	932.9091555253732	392.9348885464368
446	192.8	195636.0	953.708156428622	396.52463444763583	964.693957029554	401.1058995355326	959.201056729088	398.81526699158417
447	192.9	195736.0	936.08823296643	389.1179860735774	947.512416502371	393.5302938861213	941.8003247344006	391.3241399798494
448	193.0	195836.0	946.9037366563092	386.1539423536488	958.7110659913396	390.70019607044736	952.8074013238244	388.427069212048
449	193.1	195936.0	746.0496785218097	401.2497475063192	752.1825233748965	397.7626424513611	749.1161009483532	399.5061949788401
450	193.2	196036.0	680.4357765628541	366.03139420676126	684.9711027475719	360.83185067583486	682.7034396552132	363.4316224412983
451	193.4	196236.0	642.5488670321015	372.6794548599816	646.752522486908	366.0326230651909	644.6506947595046	369.3560389625863
452	193.5	196336.0	545.2943528559219	361.9538751323724	547.5059069909612	351.9230407026409	546.4001299234415	356.93845791750687
453	193.6	196436.0	524.0989282437732	381.3811520887554	523.1187127329688	369.5049869030141	523.6088204883704	375.44306949588486
454	193.7	196536.0	589.8845320646	389.3702753059582	587.1020628315516	378.78608595621824	588.4932974480754	384.0781806310881
455	193.8	196636.0	658.5950047523332	351.23050103473673	663.2941278174305	345.2387384238628	660.9445662848816	348.23461972929994
456	193.9	196736.0	539.7424919970202	418.9724071016915	539.5918065413631	406.961050178515	539.6671492691916	412.96672864010304
457	194.0	196836.0	550.805605488443	387.94463690607085	550.5162347150657	376.80542753453136	550.6609201017544	382.3750322203012
458	194.1	196936.0	561.9603733441056	428.118092799395	564.4838200422018	417.4384500674055	563.2220966931534	422.7782714334001
459	194.2	197036.0	542.7604129782134	410.5348124798688	546.2014529361852	399.51437513535296	544.4809329571989	405.02459380761104
460	194.3	197136.0	662.6696667630963	381.7423096518938	666.8639957506365	375.5729655034974	664.7668312568662	378.6576375776957
461	194.4	197236.0	665.556379486025	374.7125664148401	669.3681475752168	368.5449021362207	667.4622635306207	371.6287342755306
462	194.5	197336.0	597.4026345303122	352.56301425594785	601.5185697984524	344.66255170513136	599.460602164382	348.61278298053986
463	194.6	197436.0	576.0073156098058	366.04790935742267	578.8995245914587	356.91980849790946	577.4534201006322	361.48385892766606
464	194.7	197536.0	609.8278107947393	378.5547214505607	613.999399341826	370.6974365472043	611.9136050682824	374.6260789988826
465	194.8	197636.0	590.9487681716548	373.64160956689966	591.4233206531709	364.70717637234753	591.1860444124127	369.1743929696236
466	194.9	197736.0	610.4318929714826	405.4217207081017	612.5642127568068	396.9344208499837	611.4980528641446	401.1780707790426
467	195.0	197836.0	619.4403527481725	363.0367238420451	624.5953650129574	356.2940676486937	622.0178588805646	359.66539574536944
468	195.1	197936.0	624.6559660864048	362.6753705528496	630.1424995101777	356.1826893155695	627.3992327982909	359.4290299342098
469	195.2	198036.0	622.1065875194868	354.7646039755299	628.0728952033008	348.3067768719998	625.0897413613935	351.53569042376506
470	195.3	198136.0	668.8088646997329	365.1756996672354	675.3671667985967	360.0877499397134	672.088015749164	362.6317248034745
471	195.5	198336.0	673.1241600459938	359.9891687591791	679.9838326583002	355.24975083352103	676.5539963521475	357.61945979635027
472	195.6	198436.0	605.6186737492222	367.18735664225153	608.8954777197757	359.3314067413687	607.2570757344993	363.2593816918103
473	195.7	198536.0	599.8131422569842	364.8924879296243	603.6631254570153	356.9902618007921	601.7381338569995	360.94137486520833
474	195.8	198636.0	626.0069941821163	364.6990864545213	632.2052995615016	358.3975343210421	629.1061468718087	361.5483103877818
475	195.9	198736.0	681.4958330213824	368.14124710551073	688.8944790448539	363.52438887277617	685.1951560331178	365.8328179891437
476	196.0	198836.0	669.257927851721	367.7497891329941	675.0814014480295	362.72050996946354	672.1696646498752	365.235149551229
477	196.1	198936.0	698.8907162662158	380.4894144994354	704.386658215468	375.9444283269615	701.6386872408416	378.2169214131985
478	196.2	199036.0	777.9993520493048	368.8914533367647	785.9215121916687	367.61911427894034	781.9604321204864	368.2552838078527
479	196.3	199136.0	813.6228283702279	367.4604046521321	822.3233795957058	367.3279341032045	817.973103982967	367.3941693776685
480	196.4	199236.0	770.1805211912265	359.3685634204867	778.8469307798372	358.05309964236426	774.5137259855314	358.71083153142564
481	196.5	199336.0	707.0375073592662	367.4674496649267	713.5408705482297	363.6232411019126	710.2891889537476	365.5453453834198
482	196.6	199436.0	733.3600517983847	375.1443044821596	739.751695133918	371.8857759436121	736.5558734661513	373.515040212886
483	197.6	200436.0	993.0477954531134	382.43916465670105	1007.2664924489392	389.3419627047804	1000.157143951026	385.8905636807409
484	197.7	200536.0	1001.8478083819244	391.2572070708284	1016.0773469998504	398.2668852582639	1008.9625776908877	394.76204616454606
485	197.8	200636.0	962.255222908268	397.1490592779721	974.308714645332	402.3984290751689	968.2819687767998	399.7737441765704
486	197.9	200736.0	914.2591357225156	362.7677919358773	928.9966840598188	367.8271175901684	921.6279098911674	365.2974547630231
487	198.1	200936.0	618.5848246633299	389.94896029717	618.8647862190154	380.966881559304	618.7248054411726	385.45792092823694
488	198.2	201036.0	536.3846825565255	371.6331699476326	536.9106837726939	360.9320568808352	536.6476831646095	366.28261341423394
489	198.3	201136.0	592.0247958132695	388.8102254271217	593.2196682190254	379.53431654504	592.6222320161476	384.1722709860809
490	198.4	201236.0	503.0014679113567	377.023758128823	501.2461086407564	364.3756835440556	502.1237882760564	370.6997208364393
491	198.5	201336.0	528.2310726447341	376.2213349863938	526.370194103879	364.2342166095284	527.3006333743062	370.2277757979611
492	198.6	201436.0	611.1224122027148	401.82892079703765	612.7345059575799	392.7184477788434	611.928459080147	397.27368428794034
493	198.7	201536.0	517.4935221471306	383.83282787260754	518.6589453605974	372.0490568631441	518.0762337538637	377.940942367876
494	198.8	201636.0	571.4606114548806	435.04626481770094	570.9091098015713	424.0193382516554	571.1848606282258	429.5328015346778
495	198.9	201736.0	524.4423523159398	440.40589193649606	518.9655056085209	426.640573085326	521.7039289622301	433.5232325109108
496	199.0	201835.0	516.8347086109959	433.6358266590644	512.8357458073597	419.9945925027597	514.8352272091774	426.81520958091176
497	199.1	201936.0	574.7272994178152	445.6049943300309	574.0400185379352	434.51042682098193	574.3836589778746	440.0577105755061
498	199.2	202035.0	612.4828177972515	394.9323239816012	614.6439563104877	386.5095937669285	613.5633870538695	390.72095887426485
499	199.3	202135.0	619.1958202873612	379.9554800064428	623.388921353845	372.7033605715589	621.2923708206029	376.3294202890008
500	199.4	202235.0	582.1902982773514	362.3101482874284	586.4496520147983	354.0932905584956	584.3199751460747	358.2017194229622
501	199.5	202335.0	579.7038900225558	368.90657662090496	584.6103716504814	360.6837346749746	582.1571308365183	364.79515564794
502	199.6	202435.0	561.0964987147912	365.8788350117788	564.9829662909875	357.01760216806497	563.0397325028894	361.4482185899221
503	199.7	202535.0	630.4175676149299	377.4958555688097	637.8152903613168	371.25685201239975	634.1164289881228	374.3763537906049
504	199.8	202635.0	722.2387142847454	375.1459449457639	733.5829180915171	372.4628419136741	727.9108161881311	373.80439342971897
505	199.9	202735.0	650.4387494268839	351.554248369386	661.3109252942768	347.15519921524583	655.8748373605803	349.3547237923161
506	200.0	202835.0	600.6111928575338	362.37139774091	604.806489633355	354.75899658469257	602.7088412454441	358.5651971628013
507	200.1	202935.0	655.0314147938461	387.4323103831487	659.5740302324717	381.0027467080748	657.3027225131588	384.2175285456117
508	200.4	203235.0	605.1067237134644	368.7431386296825	609.9819597900876	360.936075633422	607.5443417517762	364.8396071315523
509	200.6	203435.0	646.9401562549579	391.07088004797	651.4596280169272	383.8788055057783	649.1998921359424	387.4748427768741
510	200.9	203735.0	773.7422128209731	388.0310097867036	784.7037165755917	386.61689415296246	779.222964698282	387.3239519698332
511	201.0	203835.0	861.778728381877	393.4734510862255	872.5321557143817	394.7405209714297	867.1554420481291	394.1069860288275
512	202.1	204935.0	975.6766934386574	390.126840267437	992.3908499461072	396.7829005962729	984.0337716923822	393.454870431855
513	202.3	205135.0	697.8727755705324	355.6937890784304	704.0738052251077	351.64990443657285	700.9732903978197	353.6718467575017
514	202.4	205235.0	627.0725551324385	355.7625334365611	637.1127501507892	350.2189100663729	632.0926526416135	352.9907217514672
515	202.5	205335.0	530.4459905661607	400.9846118656735	534.5829425631524	390.17445199333264	532.5144665646562	395.5795319295032
516	202.6	205435.0	608.2618348387524	444.5833611564247	609.3441517066946	434.28030624161687	608.8029932727234	439.43183369902056
517	202.7	205535.0	621.8591258732562	383.8991258048944	625.9277554307696	376.4266152312392	623.8934406520126	380.1628705180667
518	202.8	205635.0	555.1179992962182	362.8068977915544	559.487846993803	353.53137517567205	557.30292314501	358.1691364836135
519	202.9	205735.0	608.7485988504561	406.3270862575045	614.3910194598556	397.6594833970445	611.5698091551553	401.99328482727446
520	203.0	205835.0	542.6566821911191	401.9339051851084	548.4478760614916	391.4837069347803	545.5522791263052	396.7088060599443
521	203.1	205935.0	482.9424436765692	363.6479560933362	489.5206347250493	352.41785798502514	486.2315392008088	358.0329070391807
522	203.2	206035.0	509.1333420512425	420.57423227836034	510.4541903265931	407.74231760530296	509.79376618891735	414.1582749418318
523	203.3	206135.0	479.4319832177408	396.6267251729408	480.198981779378	383.41557010287846	479.815482498559	390.0211476379098
524	203.4	206235.0	516.8411986498994	380.9840822755516	518.9314522245098	369.5138922812631	517.8863254372042	375.2489872784074
525	203.5	206335.0	571.8758970508496	397.606114747352	572.9884619180128	387.3416261094847	572.4321794844312	392.4738704284183
526	203.6	206435.0	570.7078768074107	396.49451680288615	573.6743290501422	386.5979492708744	572.1911029287761	391.54623303688027
527	203.7	206535.0	545.3056725564135	397.761843109575	547.4452230885453	386.8111763651721	546.375447822479	392.2865097373736
528	203.8	206635.0	581.8554567636094	406.9993830283302	585.7170377517143	397.33373133804287	583.7862472576616	402.1665571831865
529	203.9	206735.0	561.0918614252862	403.35557626823686	562.7093785703452	392.8423734269815	561.9006199978153	398.0989748476092
530	204.0	206835.0	515.9606745428198	393.9763902789151	517.4607050343183	382.241600444002	516.7106897885687	388.1089953614586
531	204.1	206935.0	579.4887207766028	385.0980092490023	583.087033459737	375.9548525847495	581.2878771181693	380.526430916876
532	204.2	207035.0	610.4497347858704	393.7485285810802	614.7112724567783	385.443503031838	612.5805036213243	389.59601580645926
533	204.3	207135.0	615.5201344261973	392.6719425422892	620.0151230543447	384.5871527164558	617.7676287402708	388.6295476293725
534	204.4	207235.0	506.5721425712812	385.11114953108734	508.28122413167847	373.20907467933466	507.42668335147954	379.1601121052109
535	204.5	207335.0	579.835842831241	397.7198110995501	580.2430357622069	387.4357292683993	580.0394392967236	392.5777701839746
536	204.6	207435.0	590.4228652630122	405.0570408166621	589.4271340671104	394.5412473602901	589.924999665061	399.799144088476
537	204.7	207535.0	633.0936492334235	369.6332693709184	640.3697461826874	363.4628251622729	636.7316977080552	366.5480472665957
538	204.9	207735.0	645.4532879538463	385.8682035733871	651.7478613490213	379.1947039287079	648.6005746514335	382.53145375104754
539	205.3	208135.0	701.7330955327857	419.4505166341991	709.1251952352344	414.489367226978	705.4291453840099	416.9699419305882
540	205.5	208335.0	734.7429394997665	374.9636352298185	743.9267629708924	372.3265514644551	739.3348512353292	373.6450933471369
541	205.6	208435.0	737.7122441544906	376.4043283533387	747.3199758235291	373.9210673494284	742.5161099890098	375.1626978513837
542	208.2	211035.0	987.4293791459984	407.1650508170882	1002.9350524216616	413.2031975860353	995.1822157838302	410.1841242015617
543	209.7	212534.0	428.88480180029137	442.12848136956495	427.9637728353565	425.8735755356021	428.4242873178239	434.0010284525835
544	209.8	212634.0	536.962560238507	387.65017284220886	542.7226656013937	377.3736084676223	539.8426129199499	382.5118906549155
545	209.9	212734.0	485.7292720497224	393.0675902496538	487.75043627733993	379.9999073166562	486.739854163531	386.533748783155
546	210.0	212834.0	444.8701245202504	393.6628858612245	444.6230710121204	378.8294389791265	444.7465977661852	386.2461624201754
547	210.1	212934.0	446.7778645437412	398.2031808881089	445.8659467212543	383.13584208119295	446.32190563249753	390.6695114846511
548	210.2	213034.0	437.4498261169192	398.2818337311797	436.6368876507556	382.9172090477563	437.04335688383713	390.599521389468
549	210.3	213134.0	478.2188730470605	379.2070172824634	480.6701858923963	366.5482336674003	479.4445294697284	372.8776254749319
550	210.4	213234.0	606.3924041016417	436.2441799259778	606.7156550610985	426.0440712119937	606.5540295813702	431.1441255689856
551	210.5	213334.0	463.35838792933566	367.8805972814741	462.1452769412036	354.14822047549467	462.75183243526936	361.01440887848446
552	210.7	213534.0	550.2124675013627	367.7054959946927	551.8930654128126	357.4265716030339	551.0527664570872	362.5660337988635
553	210.8	213634.0	600.3739680203254	371.8314543584154	602.3660571644355	363.2232863687688	601.3700125923802	367.5273703635923
554	210.9	213734.0	590.9901258824286	405.3011262747596	589.6617885519277	394.6879465675765	590.3259572171778	399.994536421168
555	211.0	213834.0	523.7259217179534	362.72987616295154	522.0036185438152	350.6947279739967	522.864770130884	356.71230206847423
556	211.2	214034.0	612.7178247137435	397.4445875011492	614.0055613488073	388.5211045872504	613.3616930312751	392.9828460441999
557	211.4	214234.0	638.3314551922656	358.756987525873	645.5364190084958	352.8663198106508	641.9339371003806	355.811653668262
558	214.6	217434.0	524.6378535236393	410.3939731744305	527.1607788858076	398.31882840736296	525.8993162047232	404.3564007908968
559	214.8	217634.0	399.0232998057251	385.7053823034023	397.8816333544396	369.2888697483194	398.45246658008233	377.4971260258608
560	214.9	217734.0	424.58417150995615	373.506721219893	426.21740107742806	358.8541265537773	425.4007862936916	366.1804238868354
561	215.0	217834.0	412.8454386247255	374.7615872691073	415.9014085549714	360.0583980001203	414.3734235898479	367.409992634614
562	215.1	217934.0	423.51335939892937	389.8615791064131	425.26326566602455	374.63005332524256	424.3883125324768	382.245816215828
563	215.2	218034.0	401.74880123117214	382.84898052631365	400.81345414779054	366.6195888893278	401.28112768948114	374.7342847078209
564	215.4	218234.0	441.1365754911541	399.3169532665486	441.9750790821258	384.5934603911116	441.5558272866396	391.9552068288301
565	215.5	218334.0	482.7245104431688	387.239823104032	483.56480061231895	374.0873317602621	483.1446555277437	380.6635774321472
566	215.6	218434.0	469.1848737910916	383.5583679799136	468.38256341995134	369.7708538705581	468.7837186055213	376.6646109252359
567	215.7	218534.0	499.8981747930954	375.0630731287985	500.7510216505949	362.758802622037	500.3245982218448	368.910937875418
568	219.3	222133.0	377.4334100408227	413.53733964249534	375.2513724509078	395.5861529543481	376.3423912458653	404.5617462984217
569	219.4	222233.0	377.587497784682	397.1409759635069	377.2307691893444	380.2114408188574	377.40913348701287	388.67620839118223
570	219.5	222333.0	465.28651979096446	440.6361514114036	468.4184334001885	426.47266506831846	466.8524765955763	433.5544082398608
571	219.6	222433.0	514.0820607939296	495.6159590370184	510.7522286680815	480.0204532978028	512.4171447310051	487.8182061674104
572	219.8	222633.0	461.1996687761177	407.3476507053778	464.3760893079939	393.591658840475	462.7878790420555	400.4696547729264
573	219.9	222733.0	489.68758472861583	420.9797375699907	493.2722225847594	407.9463177728016	491.4799036566873	414.4630276713962
574	220.6	223433.0	325.55089560753567	489.6192070205048	315.7218300828817	467.16314559376247	320.63636284520845	478.3911763071335
575	220.7	223533.0	491.61441819066647	411.2386579704959	490.678614450984	397.0562548149204	491.14651632082473	404.147456392708
576	220.8	223633.0	464.5868453856461	434.1147224588778	462.4668600619521	418.7951463676894	463.52685272379904	426.4549344132834
577	220.9	223733.0	498.2367926665644	434.6271250000746	495.6957855152367	420.1585953983081	496.9662890909005	427.39286019919103
578	221.0	223833.0	370.0862567278353	372.2788667870647	368.79944662688615	354.91068136360644	369.4428516773604	363.5947740753358
579	221.1	223933.0	357.5280534629758	390.0664706844661	355.9407650613281	372.1948858935869	356.7344092621517	381.1306782890266
580	221.2	224033.0	456.91454824211775	402.9210400845965	457.1850915420301	388.2646636313282	457.0498198920734	395.5928518579624
581	221.5	224333.0	469.05768191683865	433.5001405071895	474.1496716558976	419.87129791243456	471.60367678636777	426.685719209812
582	221.6	224433.0	446.1462183293454	442.5642149335752	449.4701175966566	427.67167964314575	447.8081679630006	435.1179472883604
583	222.0	224833.0	498.3564931140466	380.210279572518	502.64979578128265	368.3473892141199	500.50314444766417	374.2788343933192
584	222.4	225233.0	703.4618674000925	421.6447956812285	714.3925905471609	417.4060933405479	708.9272289736265	419.5254445108881
585	223.7	226533.0	804.9520397595647	385.1650689056723	820.6245660119404	386.17673975638667	812.7883028857526	385.67090433102936
586	223.8	226633.0	754.8522041016148	396.6763291656841	771.901001161015	396.2455679016689	763.3766026313148	396.4609485336765
587	224.1	226933.0	959.5290169067245	417.7592171721636	979.4628999275178	424.14458178934	969.4959584171214	420.9518994807517
588	269.8	272631.0	533.5472115088468	369.1479690078002	540.6441085627197	360.4427730317841	537.095660035783	364.7953710197923
589	270.0	272831.0	485.8196454541056	384.49683906504	492.220315285509	374.08639383459786	489.019980369807	379.291616449819
590	270.3	273131.0	539.8243927307317	385.9330389471406	548.3721974703608	377.64629195035263	544.0982951005458	381.7896654487468
591	270.4	273231.0	564.0238752152401	373.29385782971735	571.6336948005973	365.7769966516229	567.8287850079184	369.5354272406701
592	270.5	273331.0	540.3040876563324	362.1513729802565	547.2038055338842	353.84572699487524	543.7539465951081	357.998549987566
593	270.6	273431.0	548.2300930782163	372.83873777983536	553.1500554277736	364.2105587123253	550.6900742529947	368.5246482460804
594	270.7	273531.0	483.4974901381369	382.7903390466138	487.24335154878696	371.3798181493655	485.3704208434615	377.0850785979895
595	270.8	273631.0	494.0372801761748	374.4785924560944	498.09648988740827	363.49981224889416	496.0668850317911	368.9892023524945
596	270.9	273731.0	514.3253543504937	371.9537534842182	519.4337614358132	362.0024966940497	516.8795578931531	366.9781250891341
597	271.0	273831.0	504.28725354400575	360.6556214820873	509.6939731664775	350.6968218057617	506.9906133552415	355.6762216439246
598	271.1	273931.0	606.4645826193232	345.9429130155436	614.518328656903	340.0208065259134	610.4914556381129	342.9818597707287
599	272.9	275731.0	565.5622997431365	397.8480391517281	576.0434674471056	390.0553616376786	570.8028835951208	393.9517003947034
600	274.5	277331.0	749.9793380472646	380.1013578488903	759.7135970912901	378.3350734146415	754.8464675692771	379.2182156317657
601	274.6	277431.0	734.8063518320374	389.93906322393815	742.9442315688477	387.2510551960217	738.8752917004427	388.5950592099799
602	274.7	277531.0	703.5101020870707	377.4763602068727	713.9504230809868	374.674123796117	708.7302625840289	376.0752420014948
603	275.9	278731.0	447.6113038511576	323.0881961060227	457.94754087702745	313.2557605419813	452.7794223640924	318.17197832400217
604	276.1	278931.0	482.8345219556602	352.9856800171216	492.4849149664536	343.62619032804173	487.65971846105657	348.3059351725817
605	276.2	279031.0	475.0231732225077	334.9907800654084	483.5777151778722	325.5983169383163	479.3004442001898	330.29454850186244
606	276.3	279131.0	496.6699500474515	335.5755797125019	505.9634616508463	327.3009765886634	501.3167058491487	331.43827815058285
607	279.5	282335.0	405.0253230324202	339.332854132737	410.6973663829768	326.7530666160869	407.8613447076985	333.0429603744122
608	279.6	282435.0	412.2490308527075	346.03755689047574	416.5670660283754	333.28877386906834	414.4080484405411	339.6631653797722
609	279.9	282735.0	483.1924162190876	372.80734832681776	483.4465942300265	360.15865407785924	483.3195052245568	366.48300120233847
610	280.3	283135.0	466.522872129173	358.3183298936663	471.12730088877385	346.6132917129078	468.8250865089729	352.4658108032872
611	280.4	283235.0	467.5577558728092	364.3264217106929	472.43217856219366	352.79319580793145	469.9949672175012	358.5598087593123
612	280.5	283335.0	452.6309778952125	348.7142134762826	457.4428149888631	337.0427490801352	455.0368964420375	342.87848127820905
613	280.6	283435.0	453.3275194240999	346.88334041250886	458.2748420368836	335.3171462863626	455.8011807304914	341.10024334943574
614	281.0	283835.0	479.4106570299565	350.08954455436657	487.2643372074908	339.8858177668961	483.3374971187237	344.98768116063155
615	281.2	284035.0	552.9404403368583	328.9684281714448	562.6178088080972	321.57275641007	557.7791245724775	325.27059229075746
616	281.3	284135.0	552.4607120174165	338.6545520255737	562.8811342907604	331.3311452572732	557.670923154088	334.9928486414238
617	282.3	285135.0	532.7354405590157	372.3359415435892	539.3977474630215	363.3942195042376	536.0665940110182	367.8650805239135
618	284.0	286834.0	599.7897063649708	369.6507591537742	607.699898613001	363.6039498902317	603.7448024889859	366.6273545220031
619	284.2	287034.0	523.9212554524811	372.6549838744756	530.4061077874943	363.7939811838514	527.1636816199874	368.2244825291635
620	284.5	287334.0	641.316845994794	352.9448211599184	655.6475416605692	349.9374426341762	648.4821938276814	351.4411318970473
621	284.6	287434.0	615.0433642485067	367.4968791316972	628.8145163076713	362.7464821606895	621.9289402780888	365.1216806461933
622	285.0	287834.0	575.2970218523501	379.2072490796809	583.8855572144882	371.8875201009552	579.5912895334191	375.5473845903181
623	285.9	288734.0	422.1685450514592	408.497437508024	427.74528244227577	394.8461110334876	424.956913746867	401.6717742707556
624	286.8	289634.0	496.2868697193652	392.2582442924436	503.68921415218085	381.6067813670615	499.9880419357729	386.93251282975257
625	290.0	292834.0	515.5739911106773	413.1487906321131	521.2211587879102	402.1991286446178	518.3975749492934	407.67395963836526
626	290.1	292934.0	531.8585801864888	410.5482246939849	537.503276689473	400.2363730448734	534.6809284379806	405.392298869429
627	290.3	293134.0	505.9663840642213	400.3413331200582	510.4027604608182	389.0090453239546	508.1845722625195	394.6751892220064
628	290.4	293234.0	531.9973860190158	403.02624866731753	539.0499005969629	393.2869579582128	535.5236433079893	398.1566033127651
629	290.7	293534.0	539.886466544617	402.2801395834067	546.9323519504494	392.57214289600125	543.409409247533	397.42614123970384
630	290.8	293634.0	542.1944070090375	398.5984016279734	551.3929569288197	389.7591178848692	546.7936819689287	394.1787597564212
631	290.9	293734.0	496.69990666538814	424.3155371096218	503.9725140722352	412.8390176610724	500.3362103688113	418.5772773853469
632	291.2	294034.0	499.2672874022252	368.7525367867895	507.1333193416964	358.7862091101236	503.2003033719608	363.76937294845663
633	291.3	294134.0	520.2105009536743	363.9362883631914	529.0519294683219	354.823437341024	524.631215210998	359.3798628521077
634	291.4	294234.0	523.0588356113238	361.7976361831911	531.8711271092022	352.8168354708414	527.4649813602629	357.3072358270164
635	291.5	294334.0	540.05845711777	363.4752887546885	549.377261346167	355.1371140860281	544.7178592319683	359.3062014203583
636	291.7	294534.0	512.2300452653085	352.16896928449927	521.7273787303089	343.2157670288214	516.9787119978087	347.69236815666045
637	291.8	294634.0	491.0048525498074	362.7460858268909	494.684432931544	351.1926071078511	492.8446427406756	356.9693464673712
638	291.9	294734.0	546.4612570595898	350.2743537791893	550.5539625901499	340.8585427544024	548.5076098248694	345.566448266796
639	292.0	294834.0	567.2455858199808	356.09674175150644	574.7710318852978	348.0323879556236	571.0083088526391	352.064564853565
640	292.3	295134.0	615.285067946485	365.99369738348736	623.0309307099286	359.36919946757195	619.1579993282066	362.6814484255298
641	292.4	295234.0	633.0668441042106	363.7803973008755	641.7159606529	357.95550203036424	637.3914023785551	360.86794966562
642	292.8	295633.0	595.675106279141	397.352523395649	600.3825309640498	388.7921251922069	598.0288186215952	393.0723242939279
643	292.9	295733.0	655.0145203537622	368.20115969855146	663.8086553725507	363.2055607624411	659.4115878631565	365.7033602304962
644	293.1	295933.0	574.075678661434	355.6191735142354	584.6945207745863	349.00737867141646	579.38509971801	352.313276092826
645	296.9	299733.0	658.1375043482981	382.2475983141232	667.4377059891523	377.482851749249	662.7876051687251	379.865225031686
646	299.0	301833.0	621.9550842034379	389.2165352481859	634.3026744028502	384.0909063194715	628.128879303144	386.6537207838287
647	299.4	302233.0	619.9230107404478	415.8540167536068	629.16406539297	409.1945937472405	624.5435380667087	412.5243052504234
648	300.9	303733.0	582.9556294350502	383.4867477804924	590.5398789762761	375.7920036906216	586.7477542056627	379.6393757355569
649	306.4	309232.0	655.527109992104	391.29580582965247	668.309804402438	386.882503688046	661.9184571972708	389.0891547588492
